{"cameraMode":{"drawMode":0,"name":"Shaded","section":"Shading Mode"},"sceneLighting":false,"audioPlay":false,"sceneViewState":{"m_AlwaysRefresh":false,"showFog":true,"showSkybox":false,"showFlares":true,"showImageEffects":true,"showParticleSystems":true,"showVisualEffectGraphs":true,"m_FxEnabled":true},"in2DMode":false,"pivot":{"x":9.668879508972168,"y":-2.2906112670898439,"z":2.63140869140625},"rotation":{"x":-0.33848094940185549,"y":0.006207589525729418,"z":-0.0022329874336719515,"w":-0.9409508109092712},"size":5.239800930023193,"orthographic":false}